N,median,p05,p95,count
500,0.0,0.0,0.0,7
600,0.0,0.0,0.0,7
700,0.0,0.0,0.0,7
800,0.0,0.0,0.0,7
900,0.0,0.0,0.0,7
1000,0.0,0.0,0.0,7
1100,0.0,0.0,0.0,7
1200,0.0,0.0,0.0,7
1300,0.0,0.0,0.0,7
1400,0.0,0.0,0.0,7
1500,0.0,0.0,0.0,7
1600,0.0,0.0,0.0,7
1700,0.0,0.0,0.0,7
1800,0.0,0.0,0.0,7
1900,0.0,0.0,0.0,7
2000,0.0,0.0,0.0,7
2100,0.0,0.0,0.0,7
2200,0.0,0.0,0.0,7
2300,0.0,0.0,0.0,7
2400,0.0,0.0,0.0,7
2500,0.0,0.0,0.0,7
2600,0.0,0.0,0.0,7
2700,0.0,0.0,0.0,7
2800,0.0,0.0,0.0,7
2900,0.0,0.0,0.0,7
3000,0.0,0.0,0.0,7
3100,0.0,0.0,0.0,7
3200,0.0,0.0,0.0,7
3300,0.0,0.0,0.0,7
3400,0.0,0.0,0.0,7
3500,0.0,0.0,0.0,7
3600,0.0,0.0,0.0,7
3700,0.0,0.0,0.0,7
3800,0.0,0.0,0.0,7
3900,0.0,0.0,0.0,7
4000,0.0,0.0,0.0,7
4100,0.0,0.0,0.0,7
4200,0.0,0.0,0.0,7
4300,0.0,0.0,0.0,7
4400,0.0,0.0,0.0,7
4500,0.0,0.0,0.0,7
4600,0.0,0.0,0.0,7
4700,0.0,0.0,0.0,7
4800,0.0,0.0,0.0,7
4900,0.0,0.0,0.0,7
5000,0.0,0.0,0.0,7
5100,0.0,0.0,0.0,7
5200,0.0,0.0,0.0,7
5300,0.0,0.0,0.0,7
5400,0.0,0.0,0.0,7
5500,0.0,0.0,0.0,7
5600,0.0,0.0,0.0,7
5700,0.0,0.0,0.0,7
5800,0.0,0.0,0.0,7
5900,0.0,0.0,0.0,7
6000,0.0,0.0,0.0,7
6100,0.0,0.0,0.0,7
6200,0.0,0.0,0.0,7
6300,0.0,0.0,0.0,7
6400,0.0,0.0,0.0,7
6500,0.0,0.0,0.0,7
6600,0.0,0.0,0.0,7
6700,0.0,0.0,0.0,7
6800,0.0,0.0,0.0,7
6900,0.0,0.0,0.0,7
7000,0.0,0.0,0.0,7
7100,0.0,0.0,0.0,7
7200,0.0,0.0,0.0,7
7300,0.0,0.0,0.0,7
7400,0.0,0.0,0.0,7
7500,0.0,0.0,0.0,7
7600,0.0,0.0,0.0,7
7700,0.0,0.0,0.0,7
7800,0.0,0.0,0.0,7
7900,0.0,0.0,0.0,7
8000,0.0,0.0,0.0,7
8100,0.0,0.0,0.0,7
8200,0.0,0.0,0.0,7
8300,0.0,0.0,0.0,7
8400,0.0,0.0,0.0,7
8500,0.0,0.0,0.0,7
8600,0.0,0.0,0.0,7
8700,0.0,0.0,0.0,7
8800,0.0,0.0,0.0,7
8900,0.0,0.0,0.0,7
9000,0.0,0.0,0.0,7
9100,0.0,0.0,0.0,7
9200,0.0,0.0,0.0,7
9300,0.0,0.0,0.0,7
9400,0.0,0.0,0.0,7
9500,0.0,0.0,0.0,7
9600,0.0,0.0,0.0,7
9700,0.0,0.0,0.0,7
9800,0.0,0.0,0.0,7
9900,0.0,0.0,0.0,7
10000,0.0,0.0,0.0,7
10100,0.0,0.0,0.0,7
10200,0.0,0.0,0.0,7
10300,0.0,0.0,0.0,7
10400,0.0,0.0,0.0,7
10500,0.0,0.0,0.0,7
10600,0.0,0.0,0.0,7
10700,0.0,0.0,0.0,7
10800,0.0,0.0,0.0,7
10900,0.0,0.0,0.0,7
11000,0.0,0.0,0.0,7
11100,0.0,0.0,0.0,7
11200,0.0,0.0,0.0,7
11300,0.0,0.0,0.0,7
11400,0.0,0.0,0.0,7
11500,0.0,0.0,0.0,7
11600,0.0,0.0,0.0,7
11700,0.0,0.0,0.0,7
11800,0.0,0.0,0.0,7
11900,0.0,0.0,0.0,7
12000,0.0,0.0,0.0,7
12100,0.0,0.0,0.0,7
12200,0.0,0.0,0.0,7
12300,0.0,0.0,0.0,7
12400,0.0,0.0,0.0,7
12500,0.0,0.0,0.0,7
12600,0.0,0.0,0.0,7
12700,0.0,0.0,0.0,7
12800,0.0,0.0,0.0,7
12900,0.0,0.0,0.0,7
13000,0.0,0.0,0.0,7
13100,0.0,0.0,0.0,7
13200,0.0,0.0,0.0,7
13300,0.0,0.0,0.0,7
13400,0.0,0.0,0.0,7
13500,0.0,0.0,0.0,7
13600,0.0,0.0,0.0,7
13700,0.0,0.0,0.0,7
13800,0.0,0.0,0.0,7
13900,0.0,0.0,0.0,7
14000,0.0,0.0,0.0,7
14100,0.0,0.0,0.0,7
14200,0.0,0.0,0.0,7
14300,0.0,0.0,0.0,7
14400,0.0,0.0,0.0,7
14500,0.0,0.0,0.0,7
14600,0.0,0.0,0.0,7
14700,0.0,0.0,0.0,7
14800,0.0,0.0,0.0,7
14900,0.0,0.0,0.0,7
15000,0.0,0.0,0.0,7
15100,0.0,0.0,0.0,7
15200,0.0,0.0,0.0,7
15300,0.0,0.0,0.0,7
15400,0.0,0.0,0.0,7
15500,0.0,0.0,0.0,7
15600,0.0,0.0,0.0,7
15700,0.0,0.0,0.0,7
15800,0.0,0.0,0.0,7
15900,0.0,0.0,0.0,7
16000,0.0,0.0,0.0,7
16100,0.0,0.0,0.0,7
16200,0.0,0.0,0.0,7
16300,0.0,0.0,0.0,7
16400,0.0,0.0,0.0,7
16500,0.0,0.0,0.0,7
16600,0.0,0.0,0.0,7
16700,0.0,0.0,0.0,7
16800,0.0,0.0,0.0,7
16900,0.0,0.0,0.0,7
17000,0.0,0.0,0.0,7
17100,0.0,0.0,0.0,7
17200,0.0,0.0,0.0,7
17300,0.0,0.0,0.0,7
17400,0.0,0.0,0.0,7
17500,0.0,0.0,0.0,7
17600,0.0,0.0,0.0,7
17700,0.0,0.0,0.0,7
17800,0.0,0.0,0.0,7
17900,0.0,0.0,0.0,7
18000,0.0,0.0,0.0,7
18100,0.0,0.0,0.0,7
18200,0.0,0.0,0.0,7
18300,0.0,0.0,0.0,7
18400,0.0,0.0,0.0,7
18500,0.0,0.0,0.0,7
18600,0.0,0.0,0.0,7
18700,0.0,0.0,0.0,7
18800,0.0,0.0,0.0,7
18900,0.0,0.0,0.0,7
19000,0.0,0.0,0.0,7
19100,0.0,0.0,0.0,7
19200,0.0,0.0,0.0,7
19300,0.0,0.0,0.0,7
19400,0.0,0.0,0.0,7
19500,0.0,0.0,0.0,7
19600,0.0,0.0,0.0,7
19700,0.0,0.0,0.0,7
19800,0.0,0.0,0.0,7
19900,0.0,0.0,0.0,7
20000,0.0,0.0,0.0,7
20100,0.0,0.0,0.0,7
20200,0.0,0.0,0.0,7
20300,0.0,0.0,0.0,7
20400,0.0,0.0,0.0,7
20500,0.0,0.0,0.0,7
20600,0.0,0.0,0.0,7
20700,0.0,0.0,0.0,7
20800,0.0,0.0,0.0,7
20900,0.0,0.0,0.0,7
21000,0.0,0.0,0.0,7
21100,0.0,0.0,0.0,7
21200,0.0,0.0,0.0,7
21300,0.0,0.0,0.0,7
21400,0.0,0.0,0.0,7
21500,0.0,0.0,0.0,7
21600,0.0,0.0,0.0,7
21700,0.0,0.0,0.0,7
21800,0.0,0.0,0.0,7
21900,0.0,0.0,0.0,7
22000,0.0,0.0,0.0,7
22100,0.0,0.0,0.0,7
22200,0.0,0.0,0.0,7
22300,0.0,0.0,0.0,7
22400,0.0,0.0,0.0,7
22500,0.0,0.0,0.0,7
22600,0.0,0.0,0.0,7
22700,0.0,0.0,0.0,7
22800,0.0,0.0,0.0,7
22900,0.0,0.0,0.0,7
23000,0.0,0.0,0.0,7
23100,0.0,0.0,0.0,7
23200,0.0,0.0,0.0,7
23300,0.0,0.0,0.0,7
23400,0.0,0.0,0.0,7
23500,0.0,0.0,0.0,7
23600,0.0,0.0,0.0,7
23700,0.0,0.0,0.0,7
23800,0.0,0.0,0.0,7
23900,0.0,0.0,0.0,7
24000,0.0,0.0,0.0,7
24100,0.0,0.0,0.0,7
24200,0.0,0.0,0.0,7
24300,0.0,0.0,0.0,7
24400,0.0,0.0,0.0,7
24500,0.0,0.0,0.0,7
24600,0.0,0.0,0.0,7
24700,0.0,0.0,0.0,7
24800,0.0,0.0,0.0,7
24900,0.0,0.0,0.0,7
25000,0.0,0.0,0.0,7
25100,0.0,0.0,0.0,7
25200,0.0,0.0,0.0,7
25300,0.0,0.0,0.0,7
25400,0.0,0.0,0.0,7
25500,0.0,0.0,0.0,7
25600,0.0,0.0,0.0,7
25700,0.0,0.0,0.0,7
25800,0.0,0.0,0.0,7
25900,0.0,0.0,0.0,7
26000,0.0,0.0,0.0,7
26100,0.0,0.0,0.0,7
26200,0.0,0.0,0.0,7
26300,0.0,0.0,0.0,7
26400,0.0,0.0,0.0,7
26500,0.0,0.0,0.0,7
26600,0.0,0.0,0.0,7
26700,0.0,0.0,0.0,7
26800,0.0,0.0,0.0,7
26900,0.0,0.0,0.0,7
27000,0.0,0.0,0.0,7
27100,0.0,0.0,0.0,7
27200,0.0,0.0,0.0,7
27300,0.0,0.0,0.0,7
27400,0.0,0.0,0.0,7
27500,0.0,0.0,0.0,7
27600,0.0,0.0,0.0,7
27700,0.0,0.0,0.0,7
27800,0.0,0.0,0.0,7
27900,0.0,0.0,0.0,7
28000,0.0,0.0,0.0,7
28100,0.0,0.0,0.0,7
28200,0.0,0.0,0.0,7
28300,0.0,0.0,0.0,7
28400,0.0,0.0,0.0,7
28500,0.0,0.0,0.0,7
28600,0.0,0.0,0.0,7
28700,0.0,0.0,0.0,7
28800,0.0,0.0,0.0,7
28900,0.0,0.0,0.0,7
29000,0.0,0.0,0.0,7
29100,0.0,0.0,0.0,7
29200,0.0,0.0,0.0,7
29300,0.0,0.0,0.0,7
29400,0.0,0.0,0.0,7
29500,0.0,0.0,0.0,7
29600,0.0,0.0,0.0,7
29700,0.0,0.0,0.0,7
29800,0.0,0.0,0.0,7
29900,0.0,0.0,0.0,7
30000,0.0,0.0,0.0,7
30100,0.0,0.0,0.0,7
30200,0.0,0.0,0.0,7
30300,0.0,0.0,0.0,7
30400,0.0,0.0,0.0,7
30500,0.0,0.0,0.0,7
30600,0.0,0.0,0.0,7
30700,0.0,0.0,0.0,7
30800,0.0,0.0,0.0,7
30900,0.0,0.0,0.0,7
31000,0.0,0.0,0.0,7
31100,0.0,0.0,0.0,7
31200,0.0,0.0,0.0,7
31300,0.0,0.0,0.0,7
31400,0.0,0.0,0.0,7
31500,0.0,0.0,0.0,7
31600,0.0,0.0,0.0,7
31700,0.0,0.0,2.0,7
31800,0.0,0.0,0.0,7
31900,0.0,0.0,0.6999999999999993,7
32000,0.0,0.0,1.0,7
32100,1.0,0.0,1.0,7
32200,0.0,0.0,0.0,7
32300,0.0,0.0,0.0,7
32400,0.0,0.0,0.0,7
32500,0.0,0.0,0.6999999999999993,7
32600,0.0,0.0,0.0,7
32700,0.0,0.0,0.0,7
32800,0.0,0.0,0.0,7
32900,0.0,0.0,0.0,7
33000,0.0,0.0,0.0,7
33100,0.0,0.0,0.0,7
33200,0.0,0.0,0.0,7
33300,0.0,0.0,0.0,7
33400,0.0,0.0,0.0,7
33500,0.0,0.0,0.0,7
33600,0.0,0.0,0.0,7
33700,0.0,0.0,0.0,7
33800,0.0,0.0,0.0,7
33900,0.0,0.0,0.0,7
34000,0.0,0.0,0.0,7
34100,0.0,0.0,0.0,7
34200,0.0,0.0,0.0,7
34300,0.0,0.0,0.0,7
34400,0.0,0.0,0.0,7
34500,0.0,0.0,0.0,7
34600,0.0,0.0,0.0,7
34700,0.0,0.0,0.0,7
34800,0.0,0.0,0.0,7
34900,0.0,0.0,0.0,7
35000,0.0,0.0,0.0,7
35100,0.0,0.0,0.0,7
35200,0.0,0.0,0.0,7
35300,0.0,0.0,0.0,7
35400,0.0,0.0,0.0,7
35500,0.0,0.0,0.0,7
35600,0.0,0.0,0.0,7
35700,0.0,0.0,0.0,7
35800,0.0,0.0,0.0,7
35900,0.0,0.0,0.0,7
36000,0.0,0.0,0.0,7
36100,0.0,0.0,0.0,7
36200,0.0,0.0,0.0,7
36300,0.0,0.0,0.0,7
36400,0.0,0.0,0.0,7
36500,0.0,0.0,0.0,7
36600,0.0,0.0,0.0,7
36700,0.0,0.0,0.0,7
36800,0.0,0.0,0.0,7
36900,0.0,0.0,0.0,7
37000,0.0,0.0,0.0,7
37100,0.0,0.0,0.0,7
37200,0.0,0.0,0.0,7
37300,0.0,0.0,0.0,7
37400,0.0,0.0,0.0,7
37500,0.0,0.0,0.0,7
37600,0.0,0.0,0.0,7
37700,0.0,0.0,0.0,7
37800,0.0,0.0,0.0,7
37900,0.0,0.0,0.0,7
38000,0.0,0.0,0.0,7
38100,0.0,0.0,0.0,7
38200,0.0,0.0,0.0,7
38300,0.0,0.0,0.0,7
38400,0.0,0.0,0.0,7
38500,0.0,0.0,0.0,7
38600,0.0,0.0,0.0,7
38700,0.0,0.0,0.0,7
38800,0.0,0.0,0.0,7
38900,0.0,0.0,0.0,7
39000,0.0,0.0,0.0,7
39100,0.0,0.0,0.0,7
39200,0.0,0.0,0.0,7
39300,0.0,0.0,0.0,7
39400,0.0,0.0,0.0,7
39500,0.0,0.0,0.0,7
39600,0.0,0.0,0.0,7
39700,0.0,0.0,0.0,7
39800,0.0,0.0,0.0,7
39900,0.0,0.0,0.0,7
40000,0.0,0.0,0.0,7
40100,0.0,0.0,0.0,7
40200,0.0,0.0,0.0,7
40300,0.0,0.0,0.0,7
40400,0.0,0.0,0.0,7
40500,0.0,0.0,0.0,7
40600,0.0,0.0,0.0,7
40700,0.0,0.0,0.0,7
40800,0.0,0.0,0.0,7
40900,0.0,0.0,0.0,7
41000,0.0,0.0,0.0,7
41100,0.0,0.0,0.0,7
41200,0.0,0.0,0.0,7
41300,0.0,0.0,0.0,7
41400,0.0,0.0,0.0,7
41500,0.0,0.0,1.0,7
41600,0.0,0.0,0.0,7
41700,0.0,0.0,0.0,7
41800,0.0,0.0,0.0,7
41900,0.0,0.0,0.0,7
42000,0.0,0.0,0.0,7
42100,0.0,0.0,0.0,7
42200,0.0,0.0,0.0,7
42300,0.0,0.0,0.0,7
42400,0.0,0.0,0.0,7
42500,0.0,0.0,0.0,7
42600,0.0,0.0,0.0,7
42700,0.0,0.0,0.0,7
42800,0.0,0.0,0.0,7
42900,0.0,0.0,0.0,7
43000,0.0,0.0,0.0,7
43100,0.0,0.0,0.0,7
43200,0.0,0.0,0.0,7
43300,0.0,0.0,0.0,7
43400,0.0,0.0,0.0,7
43500,0.0,0.0,0.0,7
43600,0.0,0.0,0.0,7
43700,0.0,0.0,0.0,7
43800,0.0,0.0,0.0,7
43900,0.0,0.0,0.0,7
44000,0.0,0.0,0.0,7
44100,0.0,0.0,0.6999999999999993,7
44200,0.0,0.0,0.0,7
44300,0.0,0.0,0.0,7
44400,0.0,0.0,0.0,7
44500,0.0,0.0,0.0,7
44600,0.0,0.0,0.0,7
44700,0.0,0.0,0.0,7
44800,0.0,0.0,0.0,7
44900,0.0,0.0,0.0,7
45000,0.0,0.0,0.0,7
45100,0.0,0.0,0.0,7
45200,0.0,0.0,0.0,7
45300,0.0,0.0,0.0,7
45400,0.0,0.0,0.0,7
45500,0.0,0.0,0.0,7
45600,0.0,0.0,0.0,7
45700,0.0,0.0,0.0,7
45800,0.0,0.0,0.6999999999999993,7
45900,0.0,0.0,0.0,7
46000,0.0,0.0,0.0,7
46100,0.0,0.0,0.0,7
46200,0.0,0.0,0.0,7
46300,0.0,0.0,0.0,7
46400,0.0,0.0,0.0,7
46500,0.0,0.0,0.0,7
46600,0.0,0.0,0.0,7
46700,0.0,0.0,0.0,7
46800,0.0,0.0,0.6999999999999993,7
46900,0.0,0.0,0.0,7
47000,0.0,0.0,0.0,7
47100,0.0,0.0,0.0,7
47200,0.0,0.0,0.0,7
47300,0.0,0.0,0.0,7
47400,0.0,0.0,0.0,7
47500,0.0,0.0,0.0,7
47600,0.0,0.0,0.0,7
47700,0.0,0.0,0.0,7
47800,0.0,0.0,0.0,7
47900,0.0,0.0,0.0,7
48000,0.0,0.0,0.0,7
48100,0.0,0.0,0.0,7
48200,0.0,0.0,0.0,7
48300,0.0,0.0,0.0,7
48400,0.0,0.0,0.0,7
48500,0.0,0.0,0.0,7
48600,0.0,0.0,0.0,7
48700,0.0,0.0,0.0,7
48800,0.0,0.0,0.0,7
48900,0.0,0.0,0.0,7
49000,0.0,0.0,0.0,7
49100,0.0,0.0,0.0,7
49200,0.0,0.0,0.0,7
49300,0.0,0.0,0.0,7
49400,0.0,0.0,0.0,7
49500,0.0,0.0,0.0,7
49600,0.0,0.0,0.0,7
49700,0.0,0.0,0.0,7
49800,0.0,0.0,0.0,7
49900,0.0,0.0,0.0,7
50000,0.0,0.0,0.0,7
50100,0.0,0.0,0.0,7
50200,0.0,0.0,0.0,7
50300,0.0,0.0,0.0,7
50400,0.0,0.0,0.0,7
50500,0.0,0.0,0.0,7
50600,0.0,0.0,0.0,7
50700,0.0,0.0,0.0,7
50800,0.0,0.0,0.6999999999999993,7
50900,0.0,0.0,0.0,7
51000,0.0,0.0,0.0,7
51100,0.0,0.0,0.0,7
51200,0.0,0.0,0.0,7
51300,0.0,0.0,0.0,7
51400,0.0,0.0,0.0,7
51500,0.0,0.0,0.0,7
51600,0.0,0.0,0.0,7
51700,0.0,0.0,0.0,7
51800,0.0,0.0,0.0,7
51900,0.0,0.0,0.0,7
52000,0.0,0.0,0.0,7
52100,0.0,0.0,0.0,7
52200,0.0,0.0,0.6999999999999993,7
52300,0.0,0.0,0.0,7
52400,0.0,0.0,0.0,7
52500,0.0,0.0,0.0,7
52600,0.0,0.0,0.0,7
52700,0.0,0.0,0.0,7
52800,0.0,0.0,0.0,7
52900,0.0,0.0,0.0,7
53000,0.0,0.0,0.0,7
53100,0.0,0.0,0.0,7
53200,0.0,0.0,0.0,7
53300,0.0,0.0,0.0,7
53400,0.0,0.0,0.6999999999999993,7
53500,0.0,0.0,0.0,7
53600,0.0,0.0,0.0,7
53700,0.0,0.0,0.0,7
53800,0.0,0.0,0.0,7
53900,0.0,0.0,0.0,7
54000,0.0,0.0,0.0,7
54100,0.0,0.0,0.0,7
54200,0.0,0.0,0.0,7
54300,0.0,0.0,0.0,7
54400,0.0,0.0,0.0,7
54500,0.0,0.0,0.0,7
54600,0.0,0.0,0.0,7
54700,0.0,0.0,0.0,7
54800,0.0,0.0,0.0,7
54900,0.0,0.0,0.0,7
55000,0.0,0.0,0.0,7
55100,0.0,0.0,0.6999999999999993,7
55200,0.0,0.0,0.0,7
55300,0.0,0.0,1.0,7
55400,0.0,0.0,0.0,7
55500,0.0,0.0,0.0,7
55600,0.0,0.0,0.0,7
55700,0.0,0.0,1.0,7
55800,0.0,0.0,0.0,7
55900,0.0,0.0,0.0,7
56000,0.0,0.0,0.0,7
56100,0.0,0.0,0.0,7
56200,0.0,0.0,1.0,7
56300,0.0,0.0,1.0,7
56400,0.0,0.0,1.0,7
56500,1.0,0.0,1.0,7
56600,1.0,0.30000000000000004,1.0,7
56700,1.0,1.0,1.0,7
56800,1.0,0.0,2.0,7
56900,1.0,0.30000000000000004,1.0,7
57000,1.0,1.0,1.0,7
57100,1.0,0.30000000000000004,1.0,7
57200,1.0,0.0,1.0,7
57300,0.0,0.0,1.0,7
57400,0.0,0.0,0.0,7
57500,1.0,0.30000000000000004,1.0,7
57600,0.0,0.0,0.6999999999999993,7
57700,0.0,0.0,0.0,7
57800,0.0,0.0,0.0,7
57900,0.0,0.0,0.0,7
58000,0.0,0.0,1.0,7
58100,1.0,0.0,1.0,7
58200,0.0,0.0,0.6999999999999993,7
58300,0.0,0.0,0.0,7
58400,0.0,0.0,0.0,7
58500,0.0,0.0,0.6999999999999993,7
58600,0.0,0.0,0.0,7
58700,0.0,0.0,0.0,7
58800,0.0,0.0,0.6999999999999993,7
58900,0.0,0.0,0.0,7
59000,0.0,0.0,0.0,7
59100,0.0,0.0,0.0,7
59200,0.0,0.0,1.0,7
59300,0.0,0.0,0.0,7
59400,0.0,0.0,0.6999999999999993,7
59500,0.0,0.0,0.0,7
59600,0.0,0.0,0.6999999999999993,7
59700,0.0,0.0,0.0,7
59800,0.0,0.0,0.0,7
59900,0.0,0.0,0.6999999999999993,7
60000,0.0,0.0,0.0,7
60100,0.0,0.0,1.0,7
60200,0.0,0.0,0.0,7
60300,0.0,0.0,0.0,7
60400,0.0,0.0,0.0,7
60500,0.0,0.0,0.0,7
60600,0.0,0.0,0.0,7
60700,0.0,0.0,0.0,7
60800,0.0,0.0,0.6999999999999993,7
60900,0.0,0.0,0.6999999999999993,7
61000,0.0,0.0,0.0,7
61100,0.0,0.0,0.0,7
61200,0.0,0.0,0.6999999999999993,7
61300,0.0,0.0,1.0,7
61400,0.0,0.0,0.6999999999999993,7
61500,0.0,0.0,0.0,7
61600,0.0,0.0,0.0,7
61700,0.0,0.0,0.6999999999999993,7
61800,0.0,0.0,1.0,7
61900,0.0,0.0,1.0,7
62000,0.0,0.0,1.0,7
62100,0.0,0.0,1.0,7
62200,0.0,0.0,1.0,7
62300,0.0,0.0,1.0,7
62400,1.0,1.0,1.0,7
62500,1.0,0.0,1.0,7
62600,1.0,0.0,1.0,7
62700,0.0,0.0,1.0,7
62800,0.0,0.0,1.0,7
62900,1.0,0.0,1.0,7
63000,0.0,0.0,1.0,7
63100,0.0,0.0,1.0,7
63200,1.0,0.0,1.0,7
63300,1.0,0.30000000000000004,1.0,7
63400,0.0,0.0,1.0,7
63500,0.0,0.0,1.0,7
63600,1.0,0.0,1.0,7
63700,1.0,0.30000000000000004,1.0,7
63800,1.0,0.30000000000000004,2.0,7
63900,1.0,0.30000000000000004,1.0,7
64000,1.0,0.30000000000000004,1.0,7
64100,1.0,0.0,1.0,7
64200,1.0,1.0,1.0,7
64300,1.0,1.0,1.0,7
64400,1.0,0.0,1.0,7
64500,1.0,1.0,1.0,7
64600,1.0,0.30000000000000004,1.0,7
64700,1.0,0.30000000000000004,1.0,7
64800,1.0,0.0,1.0,7
64900,1.0,0.30000000000000004,1.0,7
65000,1.0,0.30000000000000004,1.0,7
65100,1.0,1.0,1.0,7
65200,1.0,1.0,1.0,7
65300,1.0,0.30000000000000004,1.0,7
65400,1.0,1.0,1.0,7
65500,1.0,1.0,1.0,7
65600,0.0,0.0,1.0,7
65700,1.0,1.0,1.0,7
65800,1.0,1.0,1.0,7
65900,1.0,0.30000000000000004,1.6999999999999993,7
66000,1.0,0.30000000000000004,1.0,7
66100,1.0,0.30000000000000004,1.0,7
66200,1.0,1.0,1.0,7
66300,1.0,1.0,1.0,7
66400,1.0,1.0,1.0,7
66500,1.0,1.0,1.0,7
66600,1.0,1.0,1.0,7
66700,1.0,1.0,1.0,7
66800,1.0,1.0,1.0,7
66900,1.0,1.0,1.0,7
67000,1.0,1.0,1.0,7
67100,1.0,1.0,1.0,7
67200,1.0,1.0,1.0,7
67300,1.0,1.0,1.0,7
67400,1.0,1.0,1.0,7
67500,1.0,1.0,1.0,7
67600,1.0,1.0,1.0,7
67700,1.0,1.0,1.0,7
67800,1.0,1.0,1.0,7
67900,1.0,1.0,1.6999999999999993,7
68000,1.0,1.0,1.0,7
68100,1.0,1.0,1.0,7
68200,1.0,1.0,1.6999999999999993,7
68300,1.0,1.0,1.6999999999999993,7
68400,1.0,1.0,1.6999999999999993,7
68500,1.0,1.0,1.0,7
68600,1.0,1.0,1.0,7
68700,1.0,1.0,1.0,7
68800,1.0,1.0,1.0,7
68900,1.0,1.0,1.0,7
69000,1.0,1.0,1.0,7
69100,1.0,1.0,1.0,7
69200,1.0,1.0,1.6999999999999993,7
69300,1.0,1.0,1.6999999999999993,7
69400,1.0,1.0,1.0,7
69500,1.0,1.0,1.0,7
69600,1.0,1.0,1.0,7
69700,1.0,1.0,1.0,7
69800,1.0,1.0,1.0,7
69900,1.0,1.0,2.0,7
70000,1.0,1.0,1.6999999999999993,7
70100,1.0,1.0,1.0,7
70200,1.0,1.0,1.0,7
70300,1.0,1.0,1.0,7
70400,1.0,1.0,1.0,7
70500,1.0,1.0,1.0,7
70600,1.0,1.0,1.0,7
70700,1.0,1.0,1.0,7
70800,1.0,1.0,1.0,7
70900,1.0,1.0,1.0,7
71000,1.0,1.0,1.0,7
71100,1.0,1.0,1.0,7
71200,1.0,1.0,1.0,7
71300,1.0,1.0,1.0,7
71400,1.0,1.0,1.0,7
71500,1.0,1.0,1.0,7
71600,1.0,1.0,1.6999999999999993,7
71700,1.0,1.0,1.0,7
71800,1.0,1.0,1.0,7
71900,1.0,1.0,1.0,7
72000,1.0,1.0,1.0,7
72100,1.0,1.0,1.0,7
72200,1.0,1.0,1.0,7
72300,1.0,1.0,1.0,7
72400,1.0,1.0,1.0,7
72500,1.0,1.0,1.0,7
72600,1.0,1.0,1.0,7
72700,1.0,1.0,1.0,7
72800,1.0,1.0,1.0,7
72900,1.0,1.0,1.0,7
73000,1.0,1.0,1.0,7
73100,1.0,1.0,1.0,7
73200,1.0,1.0,1.0,7
73300,1.0,1.0,1.0,7
73400,1.0,1.0,1.0,7
73500,1.0,1.0,1.0,7
73600,1.0,1.0,1.0,7
73700,1.0,1.0,1.0,7
73800,1.0,1.0,1.0,7
73900,1.0,1.0,1.0,7
74000,1.0,1.0,1.0,7
74100,1.0,1.0,1.0,7
74200,1.0,1.0,1.0,7
74300,1.0,1.0,1.0,7
74400,1.0,1.0,1.0,7
74500,1.0,1.0,1.0,7
74600,1.0,1.0,1.0,7
74700,1.0,1.0,1.0,7
74800,1.0,1.0,1.0,7
74900,1.0,1.0,1.0,7
75000,1.0,1.0,1.0,7
75100,1.0,1.0,1.0,7
75200,1.0,1.0,1.0,7
75300,1.0,1.0,1.0,7
75400,1.0,1.0,1.0,7
75500,1.0,1.0,1.0,7
75600,1.0,1.0,1.0,7
75700,1.0,1.0,1.0,7
75800,1.0,1.0,1.0,7
75900,1.0,1.0,1.0,7
76000,1.0,1.0,1.0,7
76100,1.0,1.0,1.6999999999999993,7
76200,1.0,1.0,1.0,7
76300,1.0,1.0,1.0,7
76400,1.0,1.0,1.0,7
76500,1.0,1.0,1.0,7
76600,1.0,1.0,1.0,7
76700,1.0,1.0,1.0,7
76800,1.0,1.0,1.0,7
76900,1.0,1.0,1.0,7
77000,1.0,1.0,1.0,7
77100,1.0,1.0,1.0,7
77200,1.0,1.0,1.0,7
77300,1.0,1.0,1.0,7
77400,1.0,1.0,1.0,7
77500,1.0,1.0,1.0,7
77600,1.0,1.0,1.0,7
77700,1.0,1.0,1.0,7
77800,1.0,1.0,1.0,7
77900,1.0,1.0,1.0,7
78000,1.0,1.0,1.0,7
78100,1.0,1.0,1.0,7
78200,1.0,1.0,1.0,7
78300,1.0,1.0,1.0,7
78400,1.0,1.0,1.0,7
78500,1.0,1.0,1.0,7
78600,1.0,1.0,2.6999999999999993,7
78700,1.0,1.0,1.0,7
78800,1.0,1.0,1.6999999999999993,7
78900,1.0,1.0,1.0,7
79000,1.0,1.0,1.0,7
79100,1.0,1.0,1.0,7
79200,1.0,1.0,1.0,7
79300,1.0,1.0,1.0,7
79400,1.0,1.0,1.0,7
79500,1.0,1.0,1.0,7
79600,1.0,1.0,1.0,7
79700,1.0,1.0,1.0,7
79800,1.0,1.0,1.0,7
79900,1.0,1.0,1.0,7
80000,1.0,1.0,1.0,7
80100,1.0,1.0,1.0,7
80200,1.0,1.0,1.0,7
80300,1.0,1.0,1.0,7
80400,1.0,1.0,1.0,7
80500,1.0,1.0,1.0,7
80600,1.0,1.0,1.0,7
80700,1.0,1.0,1.0,7
80800,1.0,1.0,1.0,7
80900,1.0,1.0,1.0,7
81000,1.0,1.0,1.0,7
81100,1.0,1.0,1.0,7
81200,1.0,1.0,1.0,7
81300,1.0,1.0,1.0,7
81400,1.0,1.0,1.0,7
81500,1.0,1.0,1.0,7
81600,1.0,1.0,1.0,7
81700,1.0,1.0,1.0,7
81800,1.0,1.0,1.0,7
81900,1.0,1.0,1.0,7
82000,1.0,1.0,1.0,7
82100,1.0,1.0,1.0,7
82200,1.0,1.0,1.0,7
82300,1.0,1.0,1.0,7
82400,1.0,1.0,1.0,7
82500,1.0,1.0,1.0,7
82600,1.0,1.0,1.0,7
82700,1.0,1.0,1.0,7
82800,1.0,1.0,1.0,7
82900,1.0,1.0,1.0,7
83000,1.0,1.0,1.0,7
83100,1.0,1.0,1.0,7
83200,1.0,1.0,1.0,7
83300,1.0,1.0,1.0,7
83400,1.0,1.0,1.0,7
83500,1.0,1.0,1.0,7
83600,1.0,1.0,1.0,7
83700,1.0,1.0,1.0,7
83800,1.0,1.0,1.0,7
83900,1.0,1.0,2.0,7
84000,1.0,1.0,2.0,7
84100,1.0,1.0,1.0,7
84200,1.0,1.0,1.6999999999999993,7
84300,1.0,1.0,1.0,7
84400,1.0,1.0,1.0,7
84500,1.0,1.0,1.0,7
84600,1.0,1.0,1.0,7
84700,1.0,1.0,1.0,7
84800,1.0,1.0,1.0,7
84900,1.0,1.0,1.0,7
85000,1.0,1.0,1.0,7
85100,1.0,1.0,1.0,7
85200,1.0,1.0,1.0,7
85300,1.0,1.0,1.0,7
85400,1.0,1.0,1.0,7
85500,1.0,1.0,1.0,7
85600,1.0,1.0,1.0,7
85700,1.0,1.0,1.0,7
85800,1.0,1.0,1.0,7
85900,1.0,1.0,1.0,7
86000,1.0,1.0,1.0,7
86100,1.0,1.0,1.0,7
86200,1.0,1.0,1.0,7
86300,1.0,1.0,1.6999999999999993,7
86400,1.0,1.0,1.0,7
86500,1.0,1.0,1.0,7
86600,1.0,1.0,1.0,7
86700,1.0,1.0,1.6999999999999993,7
86800,1.0,1.0,1.0,7
86900,1.0,1.0,1.0,7
87000,1.0,1.0,1.0,7
87100,1.0,1.0,1.0,7
87200,1.0,1.0,1.0,7
87300,1.0,1.0,1.0,7
87400,1.0,1.0,1.0,7
87500,1.0,1.0,1.0,7
87600,1.0,1.0,1.0,7
87700,1.0,1.0,1.0,7
87800,1.0,1.0,1.0,7
87900,1.0,1.0,1.0,7
88000,1.0,1.0,1.0,7
88100,1.0,1.0,1.0,7
88200,1.0,1.0,1.0,7
88300,1.0,1.0,1.0,7
88400,1.0,1.0,1.0,7
88500,1.0,1.0,1.0,7
88600,1.0,1.0,1.0,7
88700,1.0,1.0,1.0,7
88800,1.0,1.0,1.0,7
88900,1.0,1.0,1.0,7
89000,1.0,1.0,1.6999999999999993,7
89100,1.0,1.0,1.0,7
89200,1.0,1.0,1.0,7
89300,1.0,1.0,1.0,7
89400,1.0,1.0,1.0,7
89500,1.0,1.0,1.0,7
89600,1.0,1.0,1.0,7
89700,1.0,1.0,1.0,7
89800,1.0,1.0,1.0,7
89900,1.0,1.0,1.0,7
90000,1.0,1.0,1.0,7
90100,1.0,1.0,1.0,7
90200,1.0,1.0,1.0,7
90300,1.0,1.0,1.0,7
90400,1.0,1.0,1.0,7
90500,1.0,1.0,1.0,7
90600,1.0,1.0,1.0,7
90700,1.0,1.0,1.0,7
90800,1.0,1.0,1.0,7
90900,1.0,1.0,1.0,7
91000,1.0,1.0,1.0,7
91100,1.0,1.0,1.0,7
91200,1.0,1.0,1.0,7
91300,1.0,1.0,1.0,7
91400,1.0,1.0,1.0,7
91500,1.0,1.0,1.0,7
91600,1.0,1.0,1.0,7
91700,1.0,1.0,1.0,7
91800,1.0,1.0,1.0,7
91900,1.0,1.0,1.0,7
92000,1.0,1.0,1.0,7
92100,1.0,1.0,1.0,7
92200,1.0,1.0,1.0,7
92300,1.0,1.0,1.0,7
92400,1.0,1.0,1.0,7
92500,1.0,1.0,1.0,7
92600,1.0,1.0,1.0,7
92700,1.0,1.0,1.0,7
92800,1.0,1.0,1.0,7
92900,1.0,1.0,1.0,7
93000,1.0,1.0,1.0,7
93100,1.0,1.0,1.0,7
93200,1.0,1.0,1.0,7
93300,1.0,1.0,1.0,7
93400,1.0,1.0,1.0,7
93500,1.0,1.0,1.0,7
93600,1.0,1.0,1.0,7
93700,1.0,1.0,1.0,7
93800,1.0,1.0,1.0,7
93900,1.0,1.0,1.0,7
94000,1.0,1.0,1.0,7
94100,1.0,1.0,1.0,7
94200,1.0,1.0,1.0,7
94300,1.0,1.0,1.0,7
94400,1.0,1.0,1.0,7
94500,1.0,1.0,1.0,7
94600,1.0,1.0,1.0,7
94700,1.0,1.0,1.0,7
94800,1.0,1.0,1.0,7
94900,1.0,1.0,1.0,7
95000,1.0,1.0,1.0,7
95100,1.0,1.0,1.0,7
95200,1.0,1.0,1.0,7
95300,1.0,1.0,1.0,7
95400,1.0,1.0,1.6999999999999993,7
95500,1.0,1.0,1.0,7
95600,1.0,1.0,1.0,7
95700,1.0,1.0,1.0,7
95800,1.0,1.0,1.0,7
95900,1.0,1.0,1.0,7
96000,1.0,1.0,1.0,7
96100,1.0,1.0,1.0,7
96200,1.0,1.0,1.0,7
96300,1.0,1.0,1.0,7
96400,1.0,1.0,1.0,7
96500,1.0,1.0,1.0,7
96600,1.0,1.0,1.0,7
96700,1.0,1.0,1.0,7
96800,1.0,1.0,1.0,7
96900,1.0,1.0,1.0,7
97000,1.0,1.0,1.0,7
97100,1.0,1.0,1.0,7
97200,1.0,1.0,1.6999999999999993,7
97300,1.0,1.0,1.0,7
97400,1.0,1.0,1.0,7
97500,1.0,1.0,1.0,7
97600,1.0,1.0,1.0,7
97700,1.0,1.0,1.0,7
97800,1.0,1.0,1.0,7
97900,1.0,1.0,1.0,7
98000,1.0,1.0,1.0,7
98100,1.0,1.0,1.0,7
98200,1.0,1.0,1.0,7
98300,2.0,1.0,2.0,7
98400,2.0,1.3,3.0,7
98500,2.0,1.0,2.6999999999999993,7
98600,1.0,1.0,2.0,7
98700,1.0,1.0,1.6999999999999993,7
98800,1.0,1.0,1.6999999999999993,7
98900,1.0,1.0,2.0,7
99000,1.0,1.0,2.0,7
99100,1.0,1.0,1.0,7
99200,1.0,1.0,1.0,7
99300,2.0,1.0,3.6999999999999993,7
99400,1.0,1.0,1.6999999999999993,7
99500,1.0,1.0,1.6999999999999993,7
99600,1.0,1.0,1.0,7
99700,1.0,1.0,1.0,7
99800,1.0,1.0,1.0,7
99900,1.0,1.0,1.0,7
100000,1.0,1.0,1.0,7
